neighbourhood_name,frac_dc,frac_dc_res,frac_dc_com,frac_dc_ind,frac_dc_mix,frac_dc_inst,frac_dc_unknown
SOUTH EDMONTON COMMON,0.8091697135317174,0.0,0.8091457826199446,1.3752547497000218e-06,0.0,0.0,2.255565702299534e-05
PLACE LARUE,0.7550311434757885,0.00020078253001225646,0.7547139785059944,1.4931034671733434e-05,8.652037043836678e-05,0.0,1.4931034671733434e-05
MILL WOODS TOWN CENTRE,0.7530238093157949,0.04966886817994542,0.14999954777424443,0.0,0.5533462573019665,9.13605963864346e-06,0.0
STRATHCONA JUNCTION,0.7161928277690941,1.7010367511389622e-05,0.1666020630210123,0.0,0.4387835960906735,0.0,0.11079015828989687
CALGARY TRAIL SOUTH,0.6675471674671071,0.0,0.5876383571575302,0.0,0.008200949325206236,0.0,0.07170786098437067
SUMMERLEA,0.6395548493667004,0.007955922094726318,0.003805256332462319,0.0,0.6277936709395118,0.0,0.0
TERRA LOSA,0.5861363571159639,0.08597466922939523,0.18009035736195073,0.0962528643901405,0.11489884600799628,0.04021225022669789,0.06870736989978328
EMPIRE PARK,0.3607082026589419,0.03301915018455395,0.2809337681869571,0.0,0.0,0.002216670470511196,0.044538613816919585
HERITAGE VALLEY AREA,0.3461888897922611,8.319487782162755e-05,0.0,0.0,0.0,0.3461056949144395,0.0
EBBERS,0.3405964019518283,0.0554781719557827,0.2851182299960456,0.0,0.0,0.0,0.0
MCCAULEY,0.3171443950706523,0.00544099019149321,0.001815501125720636,0.0017406286803454648,0.04327383579235398,0.05677317750828425,0.20810026177245472
KINOKAMAU PLAINS AREA,0.30983378535275485,0.054006033678474834,0.0,0.25582775167428,0.0,0.0,0.0
LEWIS FARMS BUSINESS EMPLOYMENT,0.309533937085805,0.0,0.0,0.27422529823757963,0.0,2.754694505244229e-05,0.03528109190317296
CHARLESWORTH,0.3079143767986405,0.009971819228390407,0.058444143013059724,0.0,0.0,0.23949841455719034,0.0
ROSSDALE,0.29480068207570487,0.022579382363428845,0.0,0.0,0.07382391006447295,0.00881189430457682,0.18958549534322625
MCARTHUR INDUSTRIAL,0.29474391598009964,0.0,0.22250778491242634,0.07223613106767332,0.0,0.0,0.0
WÎHKWÊNTÔWIN,0.29355526223372624,0.0343379518475589,0.0055152562234524,9.359630878487906e-05,0.21547816927743454,0.0025552378177598825,0.03557505075873561
PEMBINA,0.2888812260611646,0.02638518694107514,0.26249603912008945,0.0,0.0,0.0,0.0
CROMDALE,0.27245427626700347,0.02065113724418161,0.05685891521031002,0.0,0.00024359910613172344,0.0,0.19470062470638014
CASHMAN,0.23415542317336574,0.0,0.00048093810628164276,0.08300910823102907,0.0,0.15066537683605505,0.0
WESTMOUNT,0.2304484047306915,0.10648254801427685,0.009589835104010264,3.8984654956791425e-06,0.024197420895573994,6.820614284533366e-07,0.09017402018990626
EAUX CLAIRES,0.2240383575160346,0.08231299118986449,0.09943902115397045,0.0,0.016026981096083574,0.026259364076116093,0.0
KENNEDALE INDUSTRIAL,0.22146551227953704,0.0,0.015767628969074264,0.008105409296722346,0.0,0.19759247401374042,0.0
FALCONER HEIGHTS,0.20747685518178455,0.0876983877127123,0.11977846746907227,0.0,0.0,0.0,0.0
BLACKBURNE,0.20086929109849444,0.11341525401904573,0.0874540370794487,0.0,0.0,0.0,0.0
RIVER VALLEY CAMERON,0.20030813256747898,1.0733702384613544e-05,0.0,0.0,0.0,0.20029739886509437,0.0
GRANVILLE,0.20000057210750172,0.06922179126856179,0.09609257297645558,0.0,0.03468291833223938,0.0,3.2895302449606015e-06
GRIESBACH,0.19885084116042362,0.10695204967108737,0.018608196876195384,0.05580049051942127,0.0,0.01749010409371958,0.0
ARMSTRONG INDUSTRIAL,0.19816080942775274,0.0,0.03872809198576558,0.09175553453680287,0.0,0.06767718290518429,0.0
QUEEN MARY PARK,0.19629907374381264,0.017602319029463704,0.018550187148774266,0.0336823834661799,0.04096193080574549,0.0023011987098722707,0.08320105458377701
YELLOWHEAD CORRIDOR EAST,0.19563549364984856,0.0,0.05779282201406884,0.0,0.0,0.08552110973260237,0.05232156190317736
MORIN INDUSTRIAL,0.19241453912370315,0.0,0.06384394153114434,0.12857059759255882,0.0,0.0,0.0
TAWA,0.18016510267696922,0.0,0.1800839680186913,0.0,8.1134658277909e-05,0.0,0.0
SUNWAPTA INDUSTRIAL,0.17583668564833782,0.0,0.08798630771784073,5.727960721229357e-05,0.0,0.0,0.08779309832328479
DONSDALE,0.16810540650090816,0.16804485068032257,5.218313804085304e-05,0.0,1.7036152090473897e-06,0.0,6.669067335698395e-06
GARNEAU,0.16476973630428726,0.04215684509206305,0.006143404288970729,0.0,0.031103949551774007,0.0,0.08536553737147948
QUARRY RIDGE,0.1614672412838972,0.1614672412838972,0.0,0.0,0.0,0.0,0.0
BOYLE STREET,0.1607044173977523,0.003487011529029978,0.0035444383910797485,0.0,0.11981607990251146,0.0,0.03385688757513112
CENTRAL MCDOUGALL,0.1550255533919365,0.038617994358886944,0.021960015177580304,0.008785669959511156,0.005181048468861115,0.0,0.08048082542709697
SUDER GREENS,0.1531294124370846,0.03766293372038554,6.235991722805186e-08,0.0,0.11546641635678186,0.0,0.0
GAGNON ESTATE INDUSTRIAL,0.14682524344898212,0.0,0.0,0.14682524344898212,0.0,0.0,0.0
CALGARY TRAIL NORTH,0.14664557795154648,0.0,0.11812172588131323,0.02847523129467105,0.0,0.0,4.8620775562197965e-05
BONNIE DOON,0.14005500244292687,0.017039709468958348,0.004021157548875126,0.0,0.10011212350183153,0.018882011923261856,0.0
CLAREVIEW TOWN CENTRE,0.1389744053897809,0.04268429306844374,0.09627677080640429,0.0,0.0,1.3341514932869148e-05,0.0
ERMINESKIN,0.13877196110977363,0.006261124776184083,0.006463189665917009,0.0,0.0646602851776471,0.022043342069674936,0.039344019420350505
CARTER CREST,0.13313896993557015,0.13313896993557015,0.0,0.0,0.0,0.0,0.0
ROPER INDUSTRIAL,0.1283989433179906,0.0,0.0,0.1225101549814907,0.0,0.0,0.005888788336499883
GORMAN,0.12279965925914539,0.0,0.12279965925914539,0.0,0.0,0.0,0.0
POTTER GREENS,0.12247691596742138,0.047050361434826285,0.0182479215848103,0.0,0.0,0.05717863294778481,0.0
LARKSPUR,0.12171201471602541,0.043244983501353716,0.0784293548506195,1.8665018103626398e-05,1.9011345948554893e-05,0.0,0.0
WINDERMERE,0.1208143533084457,0.11403963268796716,0.0038938506225776135,0.0,0.0028808699979009267,0.0,0.0
KESWICK,0.12070511214024121,0.09800100939263995,0.004021211047455564,0.0,0.018682891700145695,0.0,0.0
WALKER,0.11790747140752622,0.04621170179397436,0.07169576961355185,0.0,0.0,0.0,0.0
MEYOKUMIN,0.114847121213617,0.0,0.06903199648464747,0.0,2.2965753718868586e-05,0.04579215897525066,0.0
CALLINGWOOD SOUTH,0.11377974685741774,0.0,0.11374712587024753,0.0,0.0,0.0,3.2620987170200675e-05
RICHFORD,0.112794773764987,2.789515939267032e-06,2.7717259038178822e-05,0.0,0.11276426699000956,0.0,0.0
YORK,0.1095860809546704,0.004105519165167754,0.10548056178950264,0.0,0.0,0.0,0.0
DOWNTOWN,0.10936779855336141,0.01066115108508866,0.02183932579449331,1.169184452758797e-05,0.07052823738371544,1.6389150104007822e-06,0.0063257535305260215
MILLER,0.10600731110679777,0.0,0.0720023089075943,0.0,0.0,0.034005002199203466,0.0
EDMONTON NORTHLANDS,0.10516661575123026,0.0,0.10516661575123026,0.0,0.0,0.0,0.0
AMBLESIDE,0.10443402061010638,0.007754858059925051,0.013974142928907368,0.04422429785638052,0.012677275778796704,0.0,0.02580344598609674
STONE INDUSTRIAL,0.1036766162728263,0.0,0.1036766162728263,0.0,0.0,0.0,0.0
SPRUCE AVENUE,0.10298740575255987,0.001859618298084744,0.008056702391809889,0.0,0.002811682470324183,0.09025940259234105,0.0
MCINTYRE INDUSTRIAL,0.10246719353543676,0.0,4.128697306507905e-06,0.10246306483813025,0.0,0.0,0.0
DECHENE,0.10143384013674911,0.03276436327010766,0.019134080436013466,0.0,0.04953539643062799,0.0,0.0
GLENRIDDING RAVINE,0.09624272355639862,0.08342269524924024,0.0,0.0,0.012817991987142981,2.036320015406499e-06,0.0
TAMARACK,0.09562960663875822,0.0,0.0,0.0,0.09562960663875822,0.0,0.0
RIVERDALE,0.09543109899314998,0.08460525074953643,3.370422688495353e-07,0.0,0.00984250017323577,0.0,0.0009830110281089468
BELVEDERE,0.0913998199759099,0.0317066876559133,0.04591816857778697,0.012437860133214247,0.0012932244703792756,0.0,4.387913861611645e-05
KEHEEWIN,0.08897287970811871,0.013556126235012128,0.0569944957896253,0.0,3.4948190108027324e-06,0.01837670217818239,4.20606862880968e-05
NORTHMOUNT,0.08849644821109437,0.0,0.08849644821109437,0.0,0.0,0.0,0.0
BARANOW,0.08756424598621201,0.03269683514097684,0.0002916462098038982,0.0,0.0,0.054575764635431276,0.0
CALLAGHAN,0.08648066058232691,0.08647079225022135,0.0,0.0,9.868332105562819e-06,0.0,0.0
CAMERON HEIGHTS,0.08339618014147461,0.07303768343998045,0.010358496701494167,0.0,0.0,0.0,0.0
KAMEYOSEK,0.08305220649398487,0.0,0.00010043094638448103,0.0,0.08295177554760039,0.0,0.0
BEAUMARIS,0.08221515145972148,0.05598768091565249,0.02036201782673457,0.0,0.0,3.3684083692296493e-06,0.005862084308965193
CANON RIDGE,0.0821649173090548,0.0,0.019273481698742174,0.0,0.06289143561031263,0.0,0.0
YOUNGSTOWN INDUSTRIAL,0.08140941417112238,0.0,0.08140941417112238,0.0,0.0,0.0,0.0
WEBBER GREENS,0.0805321264343495,0.0008136225816841463,4.607307044273405e-05,1.5836491666008195e-05,0.07965536413733647,0.0,1.2301532201307302e-06
GIRARD INDUSTRIAL,0.08052573269835786,0.0023665880746989404,0.07815914462365892,0.0,0.0,0.0,0.0
STEWART GREENS,0.07877939982331353,0.0,0.0,2.262907674954594e-06,0.0,0.07877713691563858,0.0
RURAL NORTH EAST HORSE HILL,0.07865056088360428,0.0,0.0,0.0,0.0,0.07865056088360428,0.0
CPR IRVINE,0.0781937459131659,0.011105247640506145,1.3301307078847252e-06,0.05831243054905637,0.008774737592895501,0.0,0.0
BRANDER GARDENS,0.0779100476421454,0.03276525971547238,0.045144787926673015,0.0,0.0,0.0,0.0
ROYAL GARDENS,0.07666867250380315,0.07666867250380315,0.0,0.0,0.0,0.0,0.0
CLOVER BAR AREA,0.07352561509284111,0.0,0.0,0.07341528462327988,0.0,0.00011033046956122415,0.0
MAPLE RIDGE INDUSTRIAL,0.07173367381237256,0.0,0.0,0.0,0.07173367381237256,0.0,0.0
STRATHCONA,0.07086672051130902,0.00859848049006019,0.03662935995342564,0.0,0.010327126984602295,0.013582592342649845,0.0017291607405710424
ATHLONE,0.07076140779040108,0.07032134380219825,0.0,0.0,0.00044006398820282293,0.0,0.0
HOMESTEADER,0.06928542518944872,0.0,0.012799136262893184,0.0,0.0,0.0,0.05648628892655553
MAGRATH HEIGHTS,0.06599591415452694,0.03078854119996126,0.0,0.0,0.03520737295456568,0.0,0.0
RURAL NORTH EAST SOUTH STURGEON,0.06530244428915928,0.00014764379378213506,0.0,0.0,0.0,0.06515480049537714,0.0
RITCHIE,0.0644378113380897,0.03807502999751621,0.0020909321813925713,0.0,0.018561413542681836,0.0013802077636661566,0.004330227852832924
KING EDWARD PARK,0.06382773211581617,0.05896516045711915,0.004018018617284511,0.0,5.214633294364844e-06,0.0008393384081181477,0.0
WEST JASPER PLACE,0.0636909835032298,0.0,0.0,0.0,0.06368678613328732,4.197369942473816e-06,0.0
DESROCHERS AREA,0.06207139576185301,0.039527296929348664,0.0,0.0,0.02254409883250435,0.0,0.0
GLENWOOD,0.061400144253480324,0.009905334340930116,0.039841800921308505,1.7037687256831605e-06,0.0020988362864158712,0.009551845909868855,6.2302623129218e-07
ALLENDALE,0.06106108740207441,0.0007628398125934843,0.0008714482234692886,0.0,0.05942679936601163,0.0,0.0
ALLARD,0.06081982769870208,0.06081982769870208,0.0,0.0,0.0,0.0,0.0
CORONET INDUSTRIAL,0.05963991283070238,0.0,0.0,0.05963991283070238,0.0,0.0,0.0
QUEEN ALEXANDRA,0.05892110961085827,0.013169569934263442,0.01751381437556551,0.0,0.028237725301029325,0.0,0.0
RIDEAU PARK,0.05767345955601606,0.032608009232947585,0.00977704250463497,0.0,0.0,0.0152883822204184,2.5598015104040187e-08
THE UPLANDS,0.056807417001088496,0.056807417001088496,0.0,0.0,0.0,0.0,0.0
HOLYROOD,0.056201367058534984,0.056201367058534984,0.0,0.0,0.0,0.0,0.0
WESTBROOK ESTATES,0.05575213026955323,0.014669615335747564,0.0,0.0,0.0,0.041082514933805665,0.0
PARSONS INDUSTRIAL,0.05441352166080367,0.0,0.0007696121006270304,0.05359872260764845,0.0,0.0,4.518695252818813e-05
KENSINGTON,0.05341392368571382,0.052372406411848475,0.0,0.0,0.0,0.0010415172738653478,0.0
WOODCROFT,0.053205202897851536,0.05085256945134747,1.540631831648041e-05,0.0,0.001579745914252069,0.00075748121393552,0.0
CLOVERDALE,0.0528053866576711,0.0,0.0,0.0,0.0,0.0,0.0528053866576711
JACKSON HEIGHTS,0.05244999778791031,0.03012051575564418,0.01415347691118343,0.0,0.0,0.008176005121082701,0.0
GOLD BAR,0.05240544930801736,0.0,0.05240544930801736,0.0,0.0,0.0,0.0
GARIEPY,0.05071837915763484,0.0,0.02535918957881742,0.0,0.0,0.0,0.02535918957881742
SECORD,0.050591630095261284,0.03153512167946039,0.019055378981085516,8.623966891753533e-07,0.0,0.0,2.670380261953707e-07
CY BECKER,0.04957847843912783,0.04957847843912783,0.0,0.0,0.0,0.0,0.0
EASTWOOD,0.04708057825488615,0.0007776122524306317,0.04629623993374065,0.0,5.750853195978245e-06,0.0,9.752155188962205e-07
MATT BERRY,0.04651790488759392,0.026252752452714377,0.005310296449372206,0.0,0.0,0.014954855985507337,0.0
BEARSPAW,0.046305005419499154,0.04630494657864771,5.884085144467469e-08,0.0,0.0,0.0,0.0
OLESKIW,0.04573309088571933,0.04573309088571933,0.0,0.0,0.0,0.0,0.0
JAMIESON PLACE,0.04477024208104857,0.04475616835116226,4.564756286558806e-06,0.0,9.508973599757185e-06,0.0,0.0
TWIN BROOKS,0.043437849164950526,0.03922864760713963,0.004209201557810897,0.0,0.0,0.0,0.0
MICHAELS PARK,0.04213513462468382,2.5639865465396062e-05,0.04210949475921843,0.0,0.0,0.0,0.0
PRINCE RUPERT,0.04159127993387139,0.007844014046561118,0.028346961687858923,0.005389752049474323,0.0,1.055214997702883e-05,0.0
KERNOHAN,0.041015517471269775,0.041015517471269775,0.0,0.0,0.0,0.0,0.0
INGLEWOOD,0.0409991494794937,0.03406701290169933,0.0,0.0,0.0,0.0069321365777943724,0.0
STRATHCONA INDUSTRIAL PARK,0.040619093724869514,0.0,0.026566981565256532,0.01405211215961298,0.0,0.0,0.0
JASPER PARK,0.040449682823306854,0.02352709382955475,0.0169225889937521,0.0,0.0,0.0,0.0
RAPPERSWILL,0.04034993175080126,0.04034993175080126,0.0,0.0,0.0,0.0,0.0
STEINHAUER,0.03959478627140385,0.0,0.03959240912640823,0.0,0.0,0.0,2.3771449956149607e-06
LANSDOWNE,0.03750278555748646,0.0,0.0029669136113400583,0.0,0.0,0.0,0.0345358719461464
ELLERSLIE,0.03535289517868018,0.010404229295767575,0.0249486658829126,0.0,0.0,0.0,0.0
POLLARD MEADOWS,0.03500639950502666,0.031271059406948916,3.168562087739675e-05,0.0,0.0037036544772003524,0.0,0.0
OZERNA,0.03486652152695691,0.02552953525961291,0.009336986267344005,0.0,0.0,0.0,0.0
TRUMPETER AREA,0.03483641981466843,0.027315716420596065,0.0,0.0,0.007520703394072368,0.0,0.0
ELSINORE,0.03478985252246758,0.03478985252246758,0.0,0.0,0.0,0.0,0.0
ANTHONY HENDAY BIG LAKE,0.03454309827225311,0.0,0.0,0.03454309827225311,0.0,0.0,0.0
RAMPART INDUSTRIAL,0.03331030083406705,0.0,0.03331030083406705,0.0,0.0,0.0,0.0
ASTER,0.03141413588961014,0.010123789808109811,0.0,0.0,0.02129034608150033,0.0,0.0
CARLTON,0.030782866537565956,0.0,0.0,0.0,0.0,0.030782866537565956,0.0
DAVIES INDUSTRIAL WEST,0.030627748356373025,0.0,0.0007398038628987985,0.029148140630575428,0.0,0.0,0.0007398038628987985
SATOO,0.030596628067791527,0.030596628067791527,0.0,0.0,0.0,0.0,0.0
HODGSON,0.030364624931396494,0.030364624931396494,0.0,0.0,0.0,0.0,0.0
MALMO PLAINS,0.030179199066036822,0.03017659146248817,2.6065714068554317e-06,0.0,0.0,0.0,1.0321417993811135e-09
EDGEMONT,0.029960881439570958,0.021967722994889444,0.0,0.0,0.007993158444681512,0.0,0.0
MCQUEEN,0.029426280297571515,0.0,0.029426280297571515,0.0,0.0,0.0,0.0
RHATIGAN RIDGE,0.0274757755297551,0.016078582818620634,0.011397192711134464,0.0,0.0,0.0,0.0
MCKERNAN,0.026980265115575143,0.011841523821048937,0.0016193100420103946,0.0,0.005993306161442839,0.0,0.007526125091072973
MEADOWLARK PARK,0.026374679613400627,0.026374679613400627,0.0,0.0,0.0,0.0,0.0
CORONET ADDITION INDUSTRIAL,0.02630114247599905,0.0,0.013150571237999524,0.0,0.0,0.0,0.013150571237999524
CRESTWOOD,0.026204967795198514,0.00404777774528898,0.0,0.0,2.3211493759585297e-05,0.022133978556149948,0.0
FRASER,0.025989175337806095,0.013947780537551139,0.0,0.0,0.0,0.0,0.012041394800254956
PAISLEY,0.025372734745805498,0.025308281077293864,0.0,0.0,0.0,6.445366851163522e-05,0.0
STILLWATER,0.025204689907505975,0.0,0.025204689907505975,0.0,0.0,0.0,0.0
GLASTONBURY,0.024591748665218696,0.01677696415632835,0.0,0.0,3.036937253155846e-05,0.0,0.007784415136358784
LAURIER HEIGHTS,0.024188877868813678,0.024188877868813678,0.0,0.0,0.0,0.0,0.0
ALBANY,0.02337482159946214,0.0,0.0,0.0,0.02337482159946214,0.0,0.0
ROSENTHAL,0.023363990563481624,0.023307560600650912,5.642996283071201e-05,0.0,0.0,0.0,0.0
HAIRSINE,0.023011381053110833,0.0,0.0,0.0,0.0,0.0,0.023011381053110833
TERWILLEGAR TOWNE,0.022264386602610382,0.013465900008567,0.0,0.0,0.008798486594043383,0.0,0.0
MENISA,0.02213997498274315,0.005658323335273845,0.016481651647469307,0.0,0.0,0.0,0.0
GRAYDON HILL,0.022030453587708013,0.0,0.022030453587708013,0.0,0.0,0.0,0.0
PARKDALE,0.02202765288103402,0.0,0.003445177966681819,0.0,0.0,0.0,0.0185824749143522
HUFF BREMNER ESTATE INDUSTRIAL,0.021773186101714942,0.0,0.021773186101714942,0.0,0.0,0.0,0.0
MONTROSE,0.021437368896777914,0.0,0.02029741376760101,0.0,0.0011382196896771776,1.7354394997241778e-06,0.0
WINDSOR PARK,0.02133000149718841,0.016250708780252015,0.0,0.0,0.005079292716936393,0.0,0.0
HERITAGE VALLEY TOWN CENTRE,0.02098641699073388,0.011188545016103252,0.0,0.0,0.009708236857682484,8.963511694814648e-05,0.0
EDMISTON INDUSTRIAL,0.020781919347618288,0.0,0.0,0.020781919347618288,0.0,0.0,0.0
LAUREL,0.020725937971501546,0.020725937971501546,0.0,0.0,0.0,0.0,0.0
HAZELDEAN,0.020549835144817362,0.0,0.0,9.592735908759487e-07,0.0,0.020548875871226484,0.0
CRYSTALLINA NERA WEST,0.020221342949683845,0.020221342949683845,0.0,0.0,0.0,0.0,0.0
HAWIN PARK ESTATE INDUSTRIAL,0.020216888667216156,0.0,0.0,0.0,0.0,0.020216888667216156,0.0
BLACKMUD CREEK,0.020089009867811435,0.020088051106900942,0.0,0.0,9.587609104920202e-07,0.0,0.0
CHAPPELLE,0.02004736598388315,0.016280229093150453,0.0037671361997175944,0.0,0.0,6.910151018017272e-10,0.0
DAVIES INDUSTRIAL EAST,0.01988592404387401,0.0,0.0,0.01988592404387401,0.0,0.0,0.0
GLENORA,0.019142599195838415,0.0026814902862150555,0.0,0.0,0.015548186106627285,0.0,0.0009129228029960718
DALY GROVE,0.018934314788218,0.0,0.018934314788218,0.0,0.0,0.0,0.0
OXFORD,0.018849335921808947,0.018849335921808947,0.0,0.0,0.0,0.0,0.0
THE ORCHARDS AT ELLERSLIE,0.018831342306861412,0.018831342306861412,0.0,0.0,0.0,0.0,0.0
SILVER BERRY,0.01819663770917946,0.0,0.0,0.0,0.0,0.01534124374424427,0.0028553939649351885
INDUSTRIAL HEIGHTS,0.017521275384269924,0.0,0.0040033427265905325,0.003328215728755682,0.0,0.010167646104379825,2.2070824543883353e-05
MISTATIM INDUSTRIAL,0.01675736957697165,0.0,1.124205052648023e-07,0.0,0.0,0.016757257156466383,0.0
MEYONOHK,0.016711028091863884,0.0,0.016710976071882117,5.2019981767840954e-08,0.0,0.0,0.0
STRATHEARN,0.01584741449793399,0.0001329724381153935,0.0,0.0,0.015714442059818597,0.0,0.0
MACEWAN,0.015723530548375105,0.011476208120502306,0.004245632270779368,0.0,1.6901570934293576e-06,0.0,0.0
BRITANNIA YOUNGSTOWN,0.01568390667052543,0.0,1.628636551043074e-05,0.0,0.0019553179785275258,0.0,0.013712302326487473
TIPASKAN,0.01552751732549858,0.0,0.01552751732549858,0.0,0.0,0.0,0.0
LA PERLE,0.015410616019951081,9.136451741021687e-06,0.015379161030387207,0.0,1.822376484500372e-05,4.094772977848645e-06,0.0
HAYS RIDGE AREA,0.015319728423345513,6.746937755230481e-06,0.0,0.0,0.0,0.015312981485590281,0.0
BISSET,0.015140119083380825,0.0,1.411851988908617e-06,0.0,0.0,0.0070555352211452,0.008083172010246716
HADDOW,0.014612841429449625,0.0,0.014612841429449625,0.0,0.0,0.0,0.0
LENDRUM PLACE,0.014339397333393865,0.01105741984662198,0.0,0.0,0.0,0.0032819774867718855,0.0
BELMEAD,0.013993429870899065,0.006282786543584159,0.0,0.0,0.007710643327314906,0.0,0.0
ROSEDALE INDUSTRIAL,0.013675767166792944,0.0,0.0,0.013675767166792944,0.0,0.0,0.0
BELMONT,0.01354453238630346,0.013530389343651052,1.414304265240677e-05,0.0,0.0,0.0,0.0
AVONMORE,0.013231745463714858,0.013231745463714858,0.0,0.0,0.0,0.0,0.0
SOUTHEAST INDUSTRIAL,0.01320839586629098,0.0,2.287358822106849e-06,0.013201860874396742,4.2476330721304375e-06,0.0,0.0
CANOSSA,0.013182093638889933,0.007280761051871664,0.0059013325870182695,0.0,0.0,0.0,0.0
TWEDDLE PLACE,0.013146863900118854,0.013146863900118854,0.0,0.0,0.0,0.0,0.0
CASSELMAN,0.013140758026424906,0.0,0.008093055861410039,0.0,0.0,0.005047702165014868,0.0
WEIR INDUSTRIAL,0.012930179706253547,0.0,0.0,0.012930179706253547,0.0,0.0,0.0
SCHONSEE,0.012681199557851668,0.0,0.0,0.0,0.0,0.012681199557851668,0.0
KINGLET GARDENS,0.012521930514479904,0.012521930514479904,0.0,0.0,0.0,0.0,0.0
BLATCHFORD AREA,0.01250332870255971,1.5232673494839446e-06,0.0,0.0,0.004161755608799629,0.008340049826410595,0.0
PATRICIA HEIGHTS,0.012338435673128447,0.012338435673128447,0.0,0.0,0.0,0.0,0.0
NORTH GLENORA,0.011932965632153231,0.011901605811859376,3.135982029385572e-05,0.0,0.0,0.0,0.0
WINTERBURN INDUSTRIAL AREA WEST,0.011481348964967901,0.0,0.0,0.0,0.0,0.011481348964967901,0.0
PLEASANTVIEW,0.011216654241665966,0.009998211342347267,0.0012175451718159946,0.0,0.0,8.977275027056688e-07,0.0
DUNLUCE,0.011017335585522939,0.0,0.0,0.0,0.0,0.011017335585522939,0.0
CRYSTALLINA NERA EAST,0.010962728654126732,0.010962728654126732,0.0,0.0,0.0,0.0,0.0
BELLE RIVE,0.010792529883116709,0.0,0.010792529883116709,0.0,0.0,0.0,0.0
KENILWORTH,0.010531074766025094,0.0,0.0,0.0,0.0,0.010531074766025094,0.0
BALWIN,0.010432891084288801,0.0003820773322802957,0.003256488728213636,0.0,0.0,0.00679432502379487,0.0
SUMMERSIDE,0.010149339574725826,0.0,0.0075440539199591,0.0026052856547667267,0.0,0.0,0.0
KILLARNEY,0.010103037212072008,0.0,0.010093550719534482,0.0,0.0,0.0,9.486492537526144e-06
FULTON PLACE,0.009560636382437373,0.0,4.782207327027171e-05,0.0,0.009512814309167101,0.0,0.0
HIGHLANDS,0.009313942690305754,0.00599764916029914,0.0014928408461742325,0.0,0.0018234526838323815,0.0,0.0
YELLOWHEAD CORRIDOR WEST,0.009307913852185252,0.0,0.009307913852185252,0.0,0.0,0.0,0.0
PYLYPOW INDUSTRIAL,0.00921010997136748,0.0,0.009203825757678988,6.2842136884923544e-06,0.0,0.0,0.0
GREENVIEW,0.00902962591299535,0.0014770498359426103,0.00755257607705274,0.0,0.0,0.0,0.0
MILL CREEK RAVINE SOUTH,0.008980036377101512,0.008980036377101512,0.0,0.0,0.0,0.0,0.0
ALBERTA AVENUE,0.008890906325263655,0.006738080928445668,0.0017565837576430196,0.0,0.00039624163917496657,0.0,0.0
GROVENOR,0.00878643790382276,0.007346857039124742,0.001412149315563919,0.0,2.7431549134101542e-05,0.0,0.0
PARKALLEN,0.00876266600813856,0.0,0.007169879373895681,0.0,0.00159278663424288,0.0,0.0
WEINLOS,0.008174038912398327,0.004513835891828558,3.8222809378789686e-05,0.0,0.003618788517506955,2.8438400472475175e-07,2.9073096792994335e-06
HAWKS RIDGE,0.008044770350163433,0.0,0.0,0.0,0.008044770350163433,0.0,0.0
KILKENNY,0.008033786674082891,0.008032775151193609,1.011522889283156e-06,0.0,0.0,0.0,0.0
HOLLICK-KENYON,0.008023352363151725,0.0,0.008007004582542126,0.0,0.0,1.634778060959882e-05,0.0
ELMWOOD PARK,0.007891400859469926,0.0,0.00789138939850428,0.0,0.0,1.146096564502947e-08,0.0
FOREST HEIGHTS,0.007677542475792916,0.0,0.0019149557728237166,0.0,0.0014818904158874,0.0042806962870818,0.0
CALLINGWOOD NORTH,0.007615257789527495,0.0,0.007615257789527495,0.0,0.0,0.0,0.0
MCCONACHIE,0.0074644208005146696,0.0,0.0074644208005146696,0.0,0.0,0.0,0.0
GLENRIDDING HEIGHTS,0.007300107813386532,0.006719345061875105,0.0,0.0,0.0005807627515114274,0.0,0.0
BELGRAVIA,0.007261514476042426,0.007249214497279874,0.0,0.0,1.2299978762552275e-05,0.0,0.0
LEGER,0.006186996023595824,0.006186996023595824,0.0,0.0,0.0,0.0,0.0
ORMSBY PLACE,0.006065236697161326,0.00019909799480669706,0.005866138702354629,0.0,0.0,0.0,0.0
MAYLIEWAN,0.005937239703996078,0.0,0.005937239703996078,0.0,0.0,0.0,0.0
RUTHERFORD,0.005751125962542273,0.005751125962542273,0.0,0.0,0.0,0.0,0.0
CAVANAGH,0.005683324580894673,7.86531646877e-06,0.0,0.0,0.005669449772819326,6.009491606576591e-06,0.0
MACTAGGART,0.005574679060114319,0.005574679060114319,0.0,0.0,0.0,0.0,0.0
ALCES,0.00554817831588324,0.00554817831588324,0.0,0.0,0.0,0.0,0.0
ELLERSLIE INDUSTRIAL,0.005249355866117532,1.398272601093302e-06,0.005215314898108382,0.0,0.0,2.0403952907845344e-05,1.2238742500210725e-05
MAPLE,0.005140965592564225,0.0,0.0,0.0,0.005140965592564225,0.0,0.0
LAUDERDALE,0.005085268518592589,0.0,0.0016478294605381683,0.0,0.002242133001520531,0.001195306056533889,0.0
RICHFIELD,0.005072827459588893,0.0,4.033610984353362e-06,0.0,0.0,0.0,0.00506879384860454
HIGH PARK,0.005003942981133735,0.0,0.005003942981133735,0.0,0.0,0.0,0.0
DELTON,0.004414769272853539,0.0020360547136548876,0.0,0.0,0.002378714559198651,0.0,0.0
EVANSDALE,0.004081358891872082,0.004077088857029237,1.817111081827889e-07,0.0,0.0,4.088323734662086e-06,0.0
MCNAMARA INDUSTRIAL,0.003940132175582599,0.0,0.0,0.003940132175582599,0.0,0.0,0.0
PRINCE CHARLES,0.0038996313095478454,0.0038996313095478454,0.0,0.0,0.0,0.0,0.0
KINISKI GARDENS,0.003535282299937007,0.0019224788654140102,0.0016128034345229967,0.0,0.0,0.0,0.0
CALDER,0.002986686634591894,0.001209312268697857,0.0,0.0,0.0017773743658940368,0.0,0.0
HILLVIEW,0.0027195221422813454,0.0,0.0027195221422813454,0.0,0.0,0.0,0.0
CANORA,0.0026687405364033273,0.0,0.0,0.0,0.0026687405364033273,0.0,0.0
ANTHONY HENDAY SOUTH BLACKBURNE,0.0022486131316367198,0.0022486131316367198,0.0,0.0,0.0,0.0,0.0
KILDARE,0.0020156755903079156,0.0,2.4943517408114394e-06,0.0,0.0,0.002013181238567104,0.0
RIVER'S EDGE,0.0017780765439653057,0.0017766752072105943,1.4013367547114322e-06,0.0,0.0,0.0,0.0
WINTERBURN INDUSTRIAL AREA EAST,0.0014702662535739158,0.0,0.0,0.0014682666190491244,0.0,1.999634524791364e-06,0.0
RIVER VALLEY LESSARD NORTH,0.0012256968100391667,0.0012256968100391667,0.0,0.0,0.0,0.0,0.0
NEWTON,0.0011040977972723387,0.0011040977972723387,0.0,0.0,0.0,0.0,0.0
MILL WOODS PARK,0.0010661035042388003,0.0,0.0,0.0,0.0010661035042388003,0.0,0.0
RIVER VALLEY VICTORIA,0.0010625394208560734,1.803511370484489e-05,0.0,0.0,0.0008580421896572325,0.0,0.00018646211749399615
GREENFIELD,0.0009143903241096196,0.000910801945834777,0.0,0.0,0.0,3.5883782748426733e-06,0.0
RIVER VALLEY OLESKIW,0.0007608413411997883,0.0007608413411997883,0.0,0.0,0.0,0.0,0.0
OGILVIE RIDGE,0.0007536378362605782,0.0007536378362605782,0.0,0.0,0.0,0.0,0.0
BLACKMUD CREEK RAVINE,0.0006663386452867349,0.0006663386452867349,0.0,0.0,0.0,0.0,0.0
EDMONTON SOUTH CENTRAL,0.0006021172209276891,5.451180795760903e-05,0.0,0.0005476054129700801,0.0,0.0,0.0
KENDAL,0.0005549884429109776,0.00028434654231794234,0.00027064190059303527,0.0,0.0,0.0,0.0
RIVER VALLEY GLENORA,0.0003999048528267946,0.0003999048528267946,0.0,0.0,0.0,0.0,0.0
BONAVENTURE INDUSTRIAL,0.0003658677728643803,0.0,0.00036214568441005497,3.7220884543253692e-06,0.0,0.0,0.0
MELTWATER,0.000358556112622981,2.779774136743394e-05,5.245969922495586e-06,0.0,0.0,0.00032551240133305145,0.0
ANTHONY HENDAY,0.0002853443506239315,0.0,1.6109581246346133e-05,3.1650244418876514e-07,0.0,0.0002689182669333966,0.0
RIVER VALLEY WINDERMERE,0.00021622396888330335,0.00021622396888330335,0.0,0.0,0.0,0.0,0.0
RIVER VALLEY KINNAIRD,0.00019282560997406183,1.1820321331961865e-05,0.0,0.0,2.0239657885468093e-06,0.0,0.00017898132285355315
HUDSON,0.00016405583750744548,3.970928637817615e-05,0.00012434655112926932,0.0,0.0,0.0,0.0
DUGGAN,0.0001452565534123941,4.2500651303343795e-06,0.0001149826461850532,0.0,0.0,2.602384209700655e-05,0.0
THORNCLIFF,0.00014304516550757646,0.0,0.0,0.0,0.00014304516550757646,0.0,0.0
MARQUIS,8.883689797491314e-05,0.0,0.0,0.0,0.0,8.883689797491314e-05,0.0
BRINTNELL,6.906566784226508e-05,0.0,6.906566784226508e-05,0.0,0.0,0.0,0.0
SIFTON PARK,6.526856834662839e-05,0.0,6.526856834662839e-05,0.0,0.0,0.0,0.0
IDYLWYLDE,6.456736489176937e-05,2.6467025053783058e-06,9.434164354614482e-06,0.0,5.248649803177658e-05,0.0,0.0
BRECKENRIDGE GREENS,5.8520941397351195e-05,0.0,4.8885498222089714e-05,0.0,9.635443175261483e-06,0.0,0.0
OVERLANDERS,5.275924279246704e-05,0.0,3.480832728437253e-09,0.0,3.874121066449999e-05,0.0,1.4014551295238615e-05
MILL WOODS GOLF COURSE,5.095778816176523e-05,0.0,3.553721393292816e-05,0.0,0.0,1.5420574228837072e-05,0.0
WHITE INDUSTRIAL,4.067236552564597e-05,4.067236552564597e-05,0.0,0.0,0.0,0.0,0.0
ANTHONY HENDAY CASTLEDOWNS,3.836951130411741e-05,3.836951130411741e-05,0.0,0.0,0.0,0.0,0.0
EKOTA,3.805246070722624e-05,2.5483439723799143e-06,1.5203802058593205e-05,0.0,1.5875477513598886e-08,2.028443919873952e-05,0.0
BLUE QUILL,3.6707197752577286e-05,0.0,1.4368355946222827e-08,0.0,3.6692829396631067e-05,0.0,0.0
HENDERSON ESTATES,3.413620003030656e-05,3.413620003030656e-05,0.0,0.0,0.0,0.0,0.0
RIVER VALLEY HERMITAGE,3.160804251189766e-05,3.160804251189766e-05,0.0,0.0,0.0,0.0,0.0
ANTHONY HENDAY HORSE HILL,2.236119324148726e-05,0.0,0.0,0.0,0.0,2.236119324148726e-05,0.0
ANTHONY HENDAY TERWILLEGAR,2.2096714761473136e-05,6.704448227458245e-06,0.0,5.030501191288656e-06,1.0361765342726235e-05,0.0,0.0
BELLEVUE,2.178853240944077e-05,0.0,2.178853240944077e-05,0.0,0.0,0.0,0.0
BULYEA HEIGHTS,1.8891670994635467e-05,2.4326011275638933e-06,1.6459069867071573e-05,0.0,0.0,0.0,0.0
RAMSAY HEIGHTS,1.8665304159635163e-05,0.0,1.8665304159635163e-05,0.0,0.0,0.0,0.0
WHITEMUD CREEK RAVINE TWIN BROOKS,1.6171680468161214e-05,1.6171680468161214e-05,0.0,0.0,0.0,0.0,0.0
MAPLE RIDGE,1.568315934542974e-05,0.0,0.0,0.0,1.568315934542974e-05,0.0,0.0
KLARVATTEN,1.3848512723349609e-05,0.0,0.0,0.0,0.0,1.3848512723349609e-05,0.0
ANTHONY HENDAY SOUTH EAST,1.3825585282728635e-05,5.436412021979304e-06,0.0,0.0,0.0,8.38917326074933e-06,0.0
SKYRATTLER,1.24406161775427e-05,0.0,1.24406161775427e-05,0.0,0.0,0.0,0.0
CAERNARVON,1.2339052419560913e-05,3.043387042842704e-07,0.0,0.0,0.0,1.2034713715276643e-05,0.0
UNIVERSITY OF ALBERTA,1.1657047827460647e-05,1.1657047827460647e-05,0.0,0.0,0.0,0.0,0.0
ASPEN GARDENS,1.138825203603543e-05,1.138825203603543e-05,0.0,0.0,0.0,0.0,0.0
UNIVERSITY OF ALBERTA FARM,1.0905804618996474e-05,1.0833933892443798e-05,0.0,0.0,0.0,0.0,7.187072655267569e-08
CUMBERLAND,9.373920429042047e-06,9.373920429042047e-06,0.0,0.0,0.0,0.0,0.0
WELLINGTON,9.290315632775647e-06,5.066156416604862e-06,4.224159216170786e-06,0.0,0.0,0.0,0.0
PARKVIEW,9.232117971212749e-06,0.0,9.232117971212749e-06,0.0,0.0,0.0,0.0
RIVER VALLEY CAPITOL HILL,9.044405647453448e-06,0.0,0.0,0.0,5.0265795467823395e-06,4.0178261006711086e-06,0.0
MAYFIELD,8.23635371980086e-06,0.0,8.23635371980086e-06,0.0,0.0,0.0,0.0
MITCHELL INDUSTRIAL,7.687794328251172e-06,0.0,0.0,7.687794328251172e-06,0.0,0.0,0.0
WESTWOOD,7.464624011012525e-06,0.0,7.464624011012525e-06,0.0,0.0,0.0,0.0
WILD ROSE,7.030830177170614e-06,5.547861730410265e-06,1.4829684467603488e-06,0.0,0.0,0.0,0.0
ANTHONY HENDAY ENERGY PARK,6.2356185166349595e-06,6.2356185166349595e-06,0.0,0.0,0.0,0.0,0.0
VIRGINIA PARK,5.523497153346866e-06,0.0,5.523497153346866e-06,0.0,0.0,0.0,0.0
PAPASCHASE INDUSTRIAL,5.4929941403897394e-06,0.0,0.0,5.4929941403897394e-06,0.0,0.0,0.0
ANTHONY HENDAY SOUTH,4.9187951540598634e-06,4.9187951540598634e-06,0.0,0.0,0.0,0.0,0.0
MILL CREEK RAVINE NORTH,4.192175900212404e-06,2.5487166624424777e-06,0.0,0.0,0.0,1.6434592377699265e-06,0.0
ALDERGROVE,3.3094505487418603e-06,0.0,0.0,0.0,3.3094505487418603e-06,0.0,0.0
BANNERMAN,2.5738135420090874e-06,2.5738135420090874e-06,0.0,0.0,0.0,0.0,0.0
ANTHONY HENDAY SOUTH WEST,2.499230685517119e-06,2.4514036337958098e-06,0.0,0.0,0.0,4.782705172130915e-08,0.0
RIVER VALLEY HIGHLANDS,2.4915700063761265e-06,2.4915700063761265e-06,0.0,0.0,0.0,0.0,0.0
RIVER VALLEY TERWILLEGAR,2.4543502541068235e-06,3.791338947414668e-07,2.075216359365357e-06,0.0,0.0,0.0,0.0
DOMINION INDUSTRIAL,1.798277155576691e-06,0.0,0.0,1.798277155576691e-06,0.0,0.0,0.0
SWEET GRASS,1.3062710193819952e-06,0.0,0.0,0.0,0.0,1.3062710193819952e-06,0.0
THE HAMPTONS,1.2847305369315524e-06,1.1780572146485206e-06,9.805393707351242e-09,0.0,9.686792857568072e-08,0.0,0.0
RIVER VALLEY WALTERDALE,7.430940563938523e-07,0.0,4.6269131437637493e-07,0.0,2.804027420174773e-07,0.0,0.0
EASTGATE BUSINESS PARK,5.627133879362888e-07,0.0,5.627133879362888e-07,0.0,0.0,0.0,0.0
ANTHONY HENDAY MISTATIM,3.735960683134206e-07,0.0,0.0,0.0,0.0,3.735960683134206e-07,0.0
WEDGEWOOD HEIGHTS,3.695388385047441e-07,4.3928348069056816e-08,0.0,0.0,0.0,0.0,3.2561049043568727e-07
ROSSLYN,1.1805154653056247e-07,0.0,1.1805154653056247e-07,0.0,0.0,0.0,0.0
EDMONTON ENERGY AND TECHNOLOGY PARK,1.0383942080896257e-09,0.0,0.0,0.0,0.0,1.0383942080896257e-09,0.0
EDMONTON RESEARCH AND DEVELOPMENT PARK,9.083100473476258e-10,0.0,0.0,9.083100473476258e-10,0.0,0.0,0.0
ANTHONY HENDAY LAKE DISTRICT,0.0,0.0,0.0,0.0,0.0,0.0,0.0
ANTHONY HENDAY CLAREVIEW,0.0,0.0,0.0,0.0,0.0,0.0,0.0
ANTHONY HENDAY RAMPART,0.0,0.0,0.0,0.0,0.0,0.0,0.0
LAGO LINDO,0.0,0.0,0.0,0.0,0.0,0.0,0.0
LAMBTON INDUSTRIAL,0.0,0.0,0.0,0.0,0.0,0.0,0.0
WHITEMUD CREEK RAVINE NORTH,0.0,0.0,0.0,0.0,0.0,0.0,0.0
WHITEMUD CREEK RAVINE SOUTH,0.0,0.0,0.0,0.0,0.0,0.0,0.0
WESTVIEW VILLAGE,0.0,0.0,0.0,0.0,0.0,0.0,0.0
WILSON INDUSTRIAL,0.0,0.0,0.0,0.0,0.0,0.0,0.0
LEWIS FARMS,0.0,0.0,0.0,0.0,0.0,0.0,0.0
LORELEI,0.0,0.0,0.0,0.0,0.0,0.0,0.0
LYMBURN,0.0,0.0,0.0,0.0,0.0,0.0,0.0
LYNNWOOD,0.0,0.0,0.0,0.0,0.0,0.0,0.0
MINCHAU,0.0,0.0,0.0,0.0,0.0,0.0,0.0
MORRIS INDUSTRIAL,0.0,0.0,0.0,0.0,0.0,0.0,0.0
LEE RIDGE,0.0,0.0,0.0,0.0,0.0,0.0,0.0
MATTSON,0.0,0.0,0.0,0.0,0.0,0.0,0.0
MCLEOD,0.0,0.0,0.0,0.0,0.0,0.0,0.0
KIRKNESS,0.0,0.0,0.0,0.0,0.0,0.0,0.0
EDMONTON SOUTH CENTRAL EAST,0.0,0.0,0.0,0.0,0.0,0.0,0.0
EDMONTON SOUTH WEST,0.0,0.0,0.0,0.0,0.0,0.0,0.0
RIVER VALLEY KESWICK,0.0,0.0,0.0,0.0,0.0,0.0,0.0
RIVER VALLEY KENDAL,0.0,0.0,0.0,0.0,0.0,0.0,0.0
RIVER VALLEY FORT EDMONTON,0.0,0.0,0.0,0.0,0.0,0.0,0.0
RIVER VALLEY GOLD BAR,0.0,0.0,0.0,0.0,0.0,0.0,0.0
RIVER VALLEY MAYFAIR,0.0,0.0,0.0,0.0,0.0,0.0,0.0
RIVERVIEW AREA,0.0,0.0,0.0,0.0,0.0,0.0,0.0
RIVER VALLEY WHITEMUD,0.0,0.0,0.0,0.0,0.0,0.0,0.0
RIVER VALLEY RIVERSIDE,0.0,0.0,0.0,0.0,0.0,0.0,0.0
GLENGARRY,0.0,0.0,0.0,0.0,0.0,0.0,0.0
GARSIDE INDUSTRIAL,0.0,0.0,0.0,0.0,0.0,0.0,0.0
GOODRIDGE CORNERS,0.0,0.0,0.0,0.0,0.0,0.0,0.0
OTTEWELL,0.0,0.0,0.0,0.0,0.0,0.0,0.0
HIGH PARK INDUSTRIAL,0.0,0.0,0.0,0.0,0.0,0.0,0.0
GRANDVIEW HEIGHTS,0.0,0.0,0.0,0.0,0.0,0.0,0.0
NORWESTER INDUSTRIAL,0.0,0.0,0.0,0.0,0.0,0.0,0.0
HAGMANN ESTATE INDUSTRIAL,0.0,0.0,0.0,0.0,0.0,0.0,0.0
QUESNELL HEIGHTS,0.0,0.0,0.0,0.0,0.0,0.0,0.0
POUNDMAKER INDUSTRIAL,0.0,0.0,0.0,0.0,0.0,0.0,0.0
GAINER INDUSTRIAL,0.0,0.0,0.0,0.0,0.0,0.0,0.0
EVERGREEN,0.0,0.0,0.0,0.0,0.0,0.0,0.0
PINTAIL LANDING,0.0,0.0,0.0,0.0,0.0,0.0,0.0
RIVER VALLEY LAURIER,0.0,0.0,0.0,0.0,0.0,0.0,0.0
RIVER VALLEY RUNDLE,0.0,0.0,0.0,0.0,0.0,0.0,0.0
RIO TERRACE,0.0,0.0,0.0,0.0,0.0,0.0,0.0
DECOTEAU,0.0,0.0,0.0,0.0,0.0,0.0,0.0
ELMWOOD,0.0,0.0,0.0,0.0,0.0,0.0,0.0
EDMONTON SOUTH EAST,0.0,0.0,0.0,0.0,0.0,0.0,0.0
BROOKSIDE,0.0,0.0,0.0,0.0,0.0,0.0,0.0
CARLETON SQUARE INDUSTRIAL,0.0,0.0,0.0,0.0,0.0,0.0,0.0
CAPILANO,0.0,0.0,0.0,0.0,0.0,0.0,0.0
CARLISLE,0.0,0.0,0.0,0.0,0.0,0.0,0.0
CHAMBERY,0.0,0.0,0.0,0.0,0.0,0.0,0.0
RUNDLE HEIGHTS,0.0,0.0,0.0,0.0,0.0,0.0,0.0
DOVERCOURT,0.0,0.0,0.0,0.0,0.0,0.0,0.0
SHEFFIELD INDUSTRIAL,0.0,0.0,0.0,0.0,0.0,0.0,0.0
SAKAW,0.0,0.0,0.0,0.0,0.0,0.0,0.0
SHERBROOKE,0.0,0.0,0.0,0.0,0.0,0.0,0.0
SHERWOOD,0.0,0.0,0.0,0.0,0.0,0.0,0.0
CRAWFORD PLAINS,0.0,0.0,0.0,0.0,0.0,0.0,0.0
CROSSROADS,0.0,0.0,0.0,0.0,0.0,0.0,0.0
DELWOOD,0.0,0.0,0.0,0.0,0.0,0.0,0.0
BROWN INDUSTRIAL,0.0,0.0,0.0,0.0,0.0,0.0,0.0
STARLING,0.0,0.0,0.0,0.0,0.0,0.0,0.0
SOUTH TERWILLEGAR,0.0,0.0,0.0,0.0,0.0,0.0,0.0
BERGMAN,0.0,0.0,0.0,0.0,0.0,0.0,0.0
TERRACE HEIGHTS,0.0,0.0,0.0,0.0,0.0,0.0,0.0
BEVERLY HEIGHTS,0.0,0.0,0.0,0.0,0.0,0.0,0.0
BLUE QUILL ESTATES,0.0,0.0,0.0,0.0,0.0,0.0,0.0
ARGYLL,0.0,0.0,0.0,0.0,0.0,0.0,0.0
BEACON HEIGHTS,0.0,0.0,0.0,0.0,0.0,0.0,0.0
BATURYN,0.0,0.0,0.0,0.0,0.0,0.0,0.0
WEST MEADOWLARK PARK,0.0,0.0,0.0,0.0,0.0,0.0,0.0
WEST SHEFFIELD INDUSTRIAL,0.0,0.0,0.0,0.0,0.0,0.0,0.0
WESTRIDGE,0.0,0.0,0.0,0.0,0.0,0.0,0.0
ALBERTA PARK INDUSTRIAL,0.0,0.0,0.0,0.0,0.0,0.0,0.0
ABBOTTSFIELD,0.0,0.0,0.0,0.0,0.0,0.0,0.0
